<?xml version='1.0' encoding='UTF-8'?>
<!DOCTYPE hibernate-configuration PUBLIC
"-//Hibernate/Hibernate Configuration DTD 3.0//EN"
"http://hibernate.sourceforge.net/hibernate-configuration-3.0.dtd">

<hibernate-configuration>
	<session-factory>

		<!-- Related to the connection START -->
		<property name="connection.driver_class">oracle.jdbc.driver.OracleDriver</property>
		<property name="connection.url">jdbc:oracle:thin:@localhost:1521:XE</property>
		<property name="connection.user">system</property>
		<property name="connection.password">system</property>
		<!-- Related to the connection END -->


		<property name="dialet">org.hibernate.dialect.OracleDialect</property>
		<property name="hbm2ddl.auto">update</property>
		<property name="show_sql">true</property>
		<!-- Related to hibernate properties START 
		
		
		 Related to hibernate properties END -->

		<!-- Related to mapping START -->
		<mapping resource="employee.hbm.xml" />
		<!-- 
		<mapping resource="product.hbm.xml"/>
		Related to the mapping END -->

	</session-factory>
</hibernate-configuration>